[
    {
        "mrn": "123",
        "full_name": "Adi",
        "email": "funnyfunn2021@gmail.com",
        "phone": "12345",
        "gender": "male",
        "weight": "80",
        "pregnant": "no",
        "dob": "2023-09-05"
    },
    {
        "mrn": "999",
        "full_name": "Adi",
        "email": "funnyfunn2021@gmail.com",
        "phone": "123",
        "gender": "male",
        "weight": "80",
        "pregnant": "no",
        "dob": "2023-09-13"
    },
    {
        "mrn": "12345",
        "full_name": "Adi",
        "email": "funnyfunn2021@gmail.com",
        "phone": "12345",
        "gender": "male",
        "weight": "80",
        "pregnant": "no",
        "dob": "2023-08-30"
    }
]